<?xml version="1.0" encoding="utf-8"?>
<Assets>
    <Materials>
        <Material name="ball01">
            <Texture>
                <Albedo>ball01_albedo.png</Albedo>
            </Texture>
            <Uniform>
                <Metallic>0</Metallic>
                <Roughness>0.3</Roughness>
            </Uniform>
        </Material>

        <Material name="beachSand">
            <Texture>
                <Albedo>beachSand_albedo.png</Albedo>
                <AO>beachSand_ao.png</AO>
                <Depth>beachSand_depth.png</Depth>
                <Metallic>beachSand_metal.png</Metallic>
                <Normal>beachSand_norm.png</Normal>
                <Roughness>beachSand_rough.png</Roughness>
                <Parameters>
                    <MinFilter>nearest_mipmap_linear</MinFilter>
                    <MagFilter>linear</MagFilter>
                    <AddressU>wrap</AddressU>
                    <AddressV>wrap</AddressV>
                </Parameters>
            </Texture>
            <Uniform>
                <ParallaxHeightScale>0.10</ParallaxHeightScale>
            </Uniform>
            <Override>
                <NormalMap>true</NormalMap>
                <ParallaxMap>false</ParallaxMap>
            </Override>
        </Material>

        <Material name="brickWall">
            <Texture>
                <Albedo>brickWall_albedo.png</Albedo>
                <Depth>brickWall_depth.png</Depth>
                <Normal>brickWall_norm.png</Normal>
                <Roughness>brickWall_rough.png</Roughness>
                <AO>brickWall_ao.png</AO>
            </Texture>
            <Uniform>
                <Metallic>0</Metallic>
                <ParallaxHeightScale>0.025</ParallaxHeightScale>
            </Uniform>
            <Override>
                <NormalMap>true</NormalMap>
                <ParallaxMap>false</ParallaxMap>
            </Override>
        </Material>

        <Material name="cube">
            <Texture>
                <Albedo>cube_albedo.png</Albedo>
                <Metallic>cube_metal.png</Metallic>
                <Roughness>cube_rough.png</Roughness>
            </Texture>
        </Material>

        <Material name="default">
            <Uniform>
                <Albedo>(1,0,0)</Albedo>
                <Metallic>0</Metallic>
                <Roughness>1.0</Roughness>
            </Uniform>
        </Material>

        <Material name="dome01">
            <Texture>
                <Albedo>dome01_albedo.png</Albedo>
            </Texture>
            <Uniform>
                <Metallic>0</Metallic>
                <Roughness>0.1</Roughness>
            </Uniform>
        </Material>

        <Material name="pavedFloor">
            <Texture>
                <Albedo>pavedFloor_albedo.png</Albedo>
                <AO>pavedFloor_ao.png</AO>
                <Depth>pavedFloor_depth.png</Depth>
                <Metallic>pavedFloor_metal.png</Metallic>
                <Normal>pavedFloor_norm.png</Normal>
                <Roughness>pavedFloor_rough.png</Roughness>
            </Texture>
            <Uniform>
                <ParallaxHeightScale>0.15</ParallaxHeightScale>
            </Uniform>
            <Override>
                <NormalMap>true</NormalMap>
                <ParallaxMap>true</ParallaxMap>
            </Override>
        </Material>

        <Material name="sandstone">
            <Texture>
                <Albedo>sandstone_albedo.png</Albedo>
                <AO>sandstone_ao.png</AO>
                <Depth>sandstone_depth.png</Depth>
                <Metallic>sandstone_metal.png</Metallic>
                <Normal>sandstone_norm.png</Normal>
                <Roughness>sandstone_rough.png</Roughness>
            </Texture>
            <Uniform>
                <ParallaxHeightScale>0.15</ParallaxHeightScale>
            </Uniform>
            <Override>
                <NormalMap>true</NormalMap>
                <ParallaxMap>true</ParallaxMap>
            </Override>
        </Material>

        <Material name="darkWood">
            <Uniform>
                <Albedo>(0.1,0.08,0)</Albedo>
                <Roughness>0.7</Roughness>
            </Uniform>
        </Material>
        <Material name="teapot">
            <Uniform>
                <Albedo>(0.9,0.9,0.85)</Albedo>
                <Roughness>0.2</Roughness>
            </Uniform>
        </Material>
        <Material name="plaster">
            <Uniform>
                <Albedo>(0.9,0.9,0.95)</Albedo>
                <Roughness>0.5</Roughness>
            </Uniform>
        </Material>
    </Materials>

    <Meshes>
        <Mesh name=".tree01" type="tree">
            <Generator>
                <Seed>8</Seed>
                <Recursion>2</Recursion>
                <NodeProbability>0.7</NodeProbability>
                <BranchProbability>0.7</BranchProbability>
                <Twist>0.02</Twist>
                <MaxBranch>2</MaxBranch>
                <BranchAngle>0.3</BranchAngle>
                <BranchHindrance>0.1</BranchHindrance>
                <ScaleExponent>1.5</ScaleExponent>
                <RadiusExponent>0.8</RadiusExponent>
                <TrunkRadius>0.1</TrunkRadius>
                <MinSamples>4</MinSamples>
                <MaxSamples>10</MaxSamples>
                <MinSections>5</MinSections>
                <MaxSections>15</MaxSections>
                <MaxNodes>8</MaxNodes>
            </Generator>
        </Mesh>
        <Mesh name=".tree02" type="tree">
            <Generator>
                <Seed>10</Seed>
                <Recursion>2</Recursion>
                <NodeProbability>0.5</NodeProbability>
                <BranchProbability>0.5</BranchProbability>
                <Twist>0.1</Twist>
                <MaxBranch>3</MaxBranch>
                <BranchAngle>0.5</BranchAngle>
                <BranchHindrance>0.8</BranchHindrance>
                <ScaleExponent>1.8</ScaleExponent>
                <RadiusExponent>0.9</RadiusExponent>
                <TrunkRadius>0.24</TrunkRadius>
                <MinSamples>3</MinSamples>
                <MaxSamples>10</MaxSamples>
                <MinSections>3</MinSections>
                <MaxSections>15</MaxSections>
                <MaxNodes>8</MaxNodes>
            </Generator>
        </Mesh>
        <Mesh name=".tree03" type="tree">
            <Generator>
                <Seed>21</Seed>
                <Recursion>3</Recursion>
                <NodeProbability>0.4</NodeProbability>
                <BranchProbability>0.5</BranchProbability>
                <Twist>0.1</Twist>
                <MaxBranch>4</MaxBranch>
                <BranchAngle>0.6</BranchAngle>
                <BranchHindrance>0.8</BranchHindrance>
                <ScaleExponent>1.8</ScaleExponent>
                <RadiusExponent>0.5</RadiusExponent>
                <TrunkRadius>0.30</TrunkRadius>
                <MinSamples>3</MinSamples>
                <MaxSamples>15</MaxSamples>
                <MinSections>3</MinSections>
                <MaxSections>15</MaxSections>
                <MaxNodes>8</MaxNodes>
            </Generator>
        </Mesh>
        <Mesh name=".wall01" type="box">
            <Generator>
                <xmin>-0.125</xmin>
                <xmax>0.125</xmax>
                <ymin>0.0</ymin>
                <ymax>2.0</ymax>
                <zmin>-1.0</zmin>
                <zmax>1.0</zmax>
                <TextureScale>3.0f</TextureScale>
            </Generator>
        </Mesh>
        <Mesh name=".earthSquare01" type="box">
            <Generator>
                <xmin>-2.5</xmin>
                <xmax>2.5</xmax>
                <ymin>0.0</ymin>
                <ymax>0.2</ymax>
                <zmin>-2.5</zmin>
                <zmax>2.5</zmax>
                <TextureScale>3.0f</TextureScale>
            </Generator>
        </Mesh>
        <Mesh name=".teapot01" type="obj">
            <Location>teapot.obj</Location>
            <ProcessUV>false</ProcessUV>
            <Centered>true</Centered>
        </Mesh>
        <Mesh name=".anvil01" type="obj">
            <Location>anvil.obj</Location>
            <ProcessUV>false</ProcessUV>
            <Centered>false</Centered>
        </Mesh>
        <Mesh name=".interior01" type="obj">
            <Location>interior01.obj</Location>
            <ProcessUV>false</ProcessUV>
            <ProcessNormals>true</ProcessNormals>
            <SmoothNormals>none</SmoothNormals>
            <Centered>false</Centered>
        </Mesh>
    </Meshes>

    <!-- Model Instances -->
    <Models>
        <Model name="brickWall01">
            <Mesh name=".wall01"/>
            <Material name="brickWall"/>
        </Model>
        <Model name="tree03">
            <Mesh name=".tree03"/>
            <Material name="darkWood"/>
        </Model>
        <Model name="earthSquare01">
            <Mesh name=".earthSquare01"/>
            <Material name="beachSand"/>
        </Model>
        <Model name="teapot01">
            <Mesh name=".teapot01"/>
            <Material name="teapot"/>
        </Model>
        <Model name="anvil01">
            <Mesh name=".anvil01"/>
            <Material name="teapot"/>
        </Model>
        <Model name="interior01">
            <Mesh name=".interior01"/>
            <Material name="plaster"/>
        </Model>
    </Models>
</Assets>
