<?xml version="1.0" encoding="utf-8"?>
<Scene>
    <Audio>
        <BGM>desert_bgm</BGM>
    </Audio>
    <Terrain chunkSize="33" latticeScale="1.0" textureScale="0.25">
        <TerrainPatch origin="(0,0)" size="(5,5)" height="0">
            <Generator type="simplex" seed="6">
                <!--<Scale>0.5</Scale>-->
                <Octaves>10</Octaves>
                <Frequency>0.01</Frequency>
                <Persistence>0.4</Persistence>
                <LoBound>2.0</LoBound>
                <HiBound>30.0</HiBound>
            </Generator>
            <HeightModifier>
                <Erosion type="droplets">
                    <Iterations>150</Iterations>
                    <Kq>10.0</Kq>
                    <Kw>0.001</Kw>
                    <Kr>0.9</Kr>
                    <Kd>0.02</Kd>
                    <Ki>0.1</Ki>
                    <Kg>40.0</Kg>
                    <MinSlope>0.05</MinSlope>
                    <Epsilon>1e-3</Epsilon>
                    <Seed>1</Seed>
                </Erosion>
                <!--
                <Erosion type="plateau">
                    <Iterations>20</Iterations>
                    <Talus>0.4</Talus>
                    <Fraction>0.5</Fraction>
                </Erosion>
                -->

                <!--
                <Randomizer seed="1" xmin="0" xmax="32" ymin="0" ymax="16" variance="0.07"></Randomizer>
                <Randomizer seed="2" xmin="0" xmax="32" ymin="17" ymax="32" variance="0.25"></Randomizer>
                -->
                <Offset y="-5.5"></Offset>
            </HeightModifier>
            <Transform>
                <Position>(0,0,0)</Position>
            </Transform>
            <Material name="beachSand"/>
            <Shadow>
                <CullFace>1</CullFace>
            </Shadow>
        </TerrainPatch>

        <TerrainPatch origin="(5,0)" size="(2,2)" height="0">
            <Generator type="simplex" seed="8">
                <!--<Scale>0.5</Scale>-->
                <Octaves>15</Octaves>
                <Frequency>0.005</Frequency>
                <Persistence>0.5</Persistence>
                <LoBound>0.0</LoBound>
                <HiBound>10.0</HiBound>
            </Generator>
            <HeightModifier>
                <Offset y="3"></Offset>
            </HeightModifier>
            <Transform>
                <Position>(0,0,0)</Position>
            </Transform>
            <Material name="pavedFloor"/>
            <Shadow>
                <CullFace>1</CullFace>
            </Shadow>
        </TerrainPatch>
    </Terrain>

    <Chunk coords="(0,0)">
        <Entities>
            <Entity blueprint="entTeapot01" ypos="relative">
                <Transform>
                    <Position>(7,0.7,9)</Position>
                    <Scale>0.1</Scale>
                </Transform>
            </Entity>
        </Entities>

        <Models>
            <Model name="anvil01" ypos="relative">
                <Transform>
                    <Position>(11.0,0.0,7.0)</Position>
                    <Angle>(0,45,0)</Angle>
                    <Scale>1.0</Scale>
                </Transform>
            </Model>

            <!-- Big moving Erwin-textured cube -->
            <Model>
                <Mesh type="cube"></Mesh>
                <Material name="cube"/>
                <Transform>
                    <Position>(16.0,0.0,14.0)</Position>
                    <Scale>1.0</Scale>
                </Transform>
                <Motion>
                    <PositionUpdater>
                        <Prop name="tSpace">alternate</Prop>
                        <Prop name="stepScale">0.33</Prop>
                        <Prop name="tMax">1.0</Prop>
                        <Prop name="tMin">0.0</Prop>
                        <BezierInterpolator>
                            <Control>(15,2.5,13.8)</Control>
                            <Control>(9,4,13.8)</Control>
                            <Control>(12,1,14)</Control>
                            <Control>(10,3,11)</Control>
                            <Control>(8,5,8)</Control>
                        </BezierInterpolator>
                    </PositionUpdater>
                    <ConstantRotator>
                        <Prop name="angular_rate">(18,90,15)</Prop>
                    </ConstantRotator>
                </Motion>
            </Model>

            <!-- Small moving Erwin-textured cube -->
            <Model>
                <Mesh type="cube"></Mesh>
                <Material name="cube"/>
                <Transform>
                    <Position>(16.0,0.0,18.0)</Position>
                    <Scale>0.5</Scale>
                </Transform>
                <Motion>
                    <PositionUpdater>
                        <Prop name="tSpace">alternate</Prop>
                        <Prop name="stepScale">0.4</Prop>
                        <Prop name="tMax">1.0</Prop>
                        <Prop name="tMin">0.0</Prop>
                        <BezierInterpolator>
                            <Control>(9,2,13.8)</Control>
                            <Control>(9,3,13.8)</Control>
                            <Control>(8,3,14)</Control>
                            <Control>(10,3,11)</Control>
                            <Control>(6,5,8)</Control>
                        </BezierInterpolator>
                    </PositionUpdater>
                    <ConstantRotator>
                        <Prop name="angular_rate">(18,90,15)</Prop>
                    </ConstantRotator>
                </Motion>
            </Model>

            <!-- Rotating brick cube at origin -->
            <Model>
                <Mesh type="cube"></Mesh>
                <Material name="brickWall"/>
                <Transform>
                    <Position>(0,0,0)</Position>
                    <Scale>0.6</Scale>
                </Transform>
                <Motion>
                    <ConstantRotator>
                        <Prop name="angular_rate">(0,90,0)</Prop>
                    </ConstantRotator>
                </Motion>
            </Model>

            <!-- Axis aligned colored cubes -->
            <Model>
                <Mesh type="cube"></Mesh>
                <Material>
                    <Uniform>
                        <Albedo>(1,0,0)</Albedo>
                        <Roughness>0.3</Roughness>
                    </Uniform>
                </Material>
                <Transform>
                    <Position>(1,0,0)</Position>
                    <Scale>0.3</Scale>
                </Transform>
            </Model>
            <Model>
                <Mesh type="cube"></Mesh>
                <Material>
                    <Uniform>
                        <Albedo>(0,1,0)</Albedo>
                        <Roughness>0.3</Roughness>
                    </Uniform>
                </Material>
                <Transform>
                    <Position>(0,1,0)</Position>
                    <Scale>0.3</Scale>
                </Transform>
            </Model>
            <Model>
                <Mesh type="cube"></Mesh>
                <Material>
                    <Uniform>
                        <Albedo>(0,0,1)</Albedo>
                        <Roughness>0.3</Roughness>
                    </Uniform>
                </Material>
                <Transform>
                    <Position>(0,0,1)</Position>
                    <Scale>0.3</Scale>
                </Transform>
            </Model>
        </Models>

        <ModelBatches>
            <ModelBatch instances="25" seed="48" ypos="relative">
                <Mesh type="crystal"></Mesh>
                <Material>
                    <Uniform>
                        <Albedo space="hsl" variance="(0.15,0.1,0.0)">(0.45,0.9,0.5)</Albedo>
                        <Roughness>0.3</Roughness>
                    </Uniform>
                </Material>
                <Transform>
                    <Position variance="(7.0,0.0,6.5)">(24.0,-0.7,24.0)</Position>
                    <Angle variance="(15.0,90.0,5.0)">(15.0,0.0,0.0)</Angle>
                    <Scale variance="0.4">0.8</Scale>
                </Transform>
                <Shadow>
                    <CullFace>2</CullFace>
                </Shadow>
            </ModelBatch>

            <ModelBatch instances="25" seed="30" ypos="relative">
                <Mesh type="crystal"></Mesh>
                <Material>
                    <Uniform>
                        <Albedo space="hsl" variance="(0.05,0.1,0.0)">(0.052,0.9,0.5)</Albedo>
                        <Roughness>0.3</Roughness>
                    </Uniform>
                </Material>
                <Transform>
                    <Position variance="(7.0,0.0,6.5)">(8.0,-0.7,24.0)</Position>
                    <Angle variance="(15.0,90.0,5.0)">(-15.0,0.0,0.0)</Angle>
                    <Scale variance="0.4">0.8</Scale>
                </Transform>
                <Shadow>
                    <CullFace>2</CullFace>
                </Shadow>
            </ModelBatch>

            <ModelBatch instances="15" seed="3" ypos="relative">
                <Mesh type="crystal"></Mesh>
                <Material>
                    <Uniform>
                        <Albedo space="hsl" variance="(0.05,0.1,0.1)">(0.15,0.9,0.5)</Albedo>
                        <Roughness>0.3</Roughness>
                    </Uniform>
                </Material>
                <Transform>
                    <Position variance="(7.0,0.0,6.5)">(24.0,-0.7,8.0)</Position>
                    <Angle variance="(15.0,90.0,10.0)">(-15.0,0.0,0.0)</Angle>
                    <Scale variance="0.4">0.8</Scale>
                </Transform>
                <Shadow>
                    <CullFace>2</CullFace>
                </Shadow>
            </ModelBatch>
        </ModelBatches>

        <Lights>
            <!-- Moving lights -->
            <Light type="point">
                <Position>(0,0,0)</Position>
                <Color>(0.95, 0.12, 0.07)</Color>
                <Radius>7</Radius>
                <Brightness>5.0</Brightness>
                <AmbientStrength>0.03</AmbientStrength>
                <Motion>
                    <PositionUpdater>
                        <Prop name="tSpace">alternate</Prop>
                        <Prop name="stepScale">0.4</Prop>
                        <Prop name="tMax">1.0</Prop>
                        <Prop name="tMin">0.0</Prop>
                        <BezierInterpolator>
                            <Control>(9,2,13.8)</Control>
                            <Control>(9,3,13.8)</Control>
                            <Control>(8,3,14)</Control>
                            <Control>(10,3,11)</Control>
                            <Control>(6,5,8)</Control>
                        </BezierInterpolator>
                    </PositionUpdater>
                </Motion>
            </Light>
            <Light type="point">
                <Position>(0,0,0)</Position>
                <Color>(0.92, 0.05, 0.56)</Color>
                <Radius>7</Radius>
                <Brightness>5.0</Brightness>
                <Motion>
                    <PositionUpdater>
                        <Prop name="tSpace">alternate</Prop>
                        <Prop name="stepScale">0.4</Prop>
                        <Prop name="tMax">1.0</Prop>
                        <Prop name="tMin">0.0</Prop>
                        <BezierInterpolator ypos="relative">
                            <Control>(16,1,6)</Control>
                            <Control>(16,1,12)</Control>
                            <Control>(16,1,18)</Control>
                            <Control>(16,1,26)</Control>
                        </BezierInterpolator>
                    </PositionUpdater>
                </Motion>
            </Light>
            <Light type="point">
                <Position>(0,0,0)</Position>
                <Color>(0.92, 0.56, 0.05)</Color>
                <Radius>7</Radius>
                <Brightness>5.0</Brightness>
                <Motion>
                    <PositionUpdater>
                        <Prop name="tSpace">cycle</Prop>
                        <Prop name="stepScale">0.2</Prop>
                        <Prop name="tMax">1.0</Prop>
                        <Prop name="tMin">0.0</Prop>
                        <BezierInterpolator ypos="relative">
                            <Control>(16,0.5,10)</Control>
                            <Control>(22,1.0,14)</Control>
                            <Control>(16,1.0,15)</Control>
                            <Control>(10,1.0,10)</Control>
                            <Control>(16,0.5,10)</Control>
                        </BezierInterpolator>
                    </PositionUpdater>
                </Motion>
            </Light>

            <!-- Static lights -->
            <Light type="point" ypos="relative">
                <Position>(20.0,3.5,20.0)</Position>
                <Color>(0.2, 0.9, 0.7)</Color>
                <Radius>10.0</Radius>
                <Brightness>10.0</Brightness>
            </Light>
            <Light type="point" ypos="relative">
                <Position>(8.0,1.5,23.0)</Position>
                <Color>(1.0, 0.3, 0.0)</Color>
                <Radius>15.0</Radius>
                <Brightness>10.0</Brightness>
            </Light>
        </Lights>
    </Chunk>

    <Chunk coords="(0,1)">
        <ModelBatches>
            <ModelBatch instances="400" seed="2" ypos="relative">
                <Mesh type="crystal"></Mesh>
                <Material>
                    <Uniform>
                        <Albedo space="hsl" variance="(0.01,0.0,0.1)">(0.99,1.0,0.1)</Albedo>
                        <Roughness>0.3</Roughness>
                    </Uniform>
                </Material>
                <Transform>
                    <Position variance="(15.0,0.0,16.0)">(16.0,-0.7,16.0)</Position>
                    <Angle variance="(15.0,90.0,5.0)">(15.0,0.0,0.0)</Angle>
                    <Scale variance="0.5">0.7</Scale>
                </Transform>
                <Shadow>
                    <CullFace>2</CullFace>
                </Shadow>
            </ModelBatch>
        </ModelBatches>

        <Lights>
            <Light type="point" ypos="relative">
                <Position>(14.0,5.5,24.0)</Position>
                <Color>(0.4, 0.2, 1.0)</Color>
                <Radius>15.0</Radius>
                <Brightness>15.0</Brightness>
            </Light>
            <Light type="point" ypos="relative">
                <Position>(24.0,5.5,14.0)</Position>
                <Color>(0.1, 1.0, 0.4)</Color>
                <Radius>15.0</Radius>
                <Brightness>15.0</Brightness>
            </Light>
            <Light type="point" ypos="relative">
                <Position>(6.0,6.0,5.0)</Position>
                <Color>(1.0, 0.3, 0.0)</Color>
                <Radius>15.0</Radius>
                <Brightness>15.0</Brightness>
            </Light>
        </Lights>
    </Chunk>

    <Chunk coords="(0,2)">
        <ModelBatches>
            <ModelBatch instances="100" seed="72" ypos="relative">
                <Mesh type="crystal"></Mesh>
                <Material>
                    <Uniform>
                        <Albedo space="hsl" variance="(0.15,0.1,0.0)">(0.68,0.9,0.5)</Albedo>
                        <Roughness>0.3</Roughness>
                    </Uniform>
                </Material>
                <Transform>
                    <Position variance="(15.0,0.0,16.0)">(16.0,-0.7,16.0)</Position>
                    <Angle variance="(15.0,90.0,5.0)">(15.0,0.0,0.0)</Angle>
                    <Scale variance="0.2">0.5</Scale>
                </Transform>
                <Shadow>
                    <CullFace>2</CullFace>
                </Shadow>
            </ModelBatch>
        </ModelBatches>
    </Chunk>

    <Chunk coords="(0,3)">
        <ModelBatches>
            <ModelBatch instances="50" seed="72" ypos="relative">
                <Mesh type="crystal"></Mesh>
                <Material>
                    <Uniform>
                        <Albedo space="hsl" variance="(0.15,0.1,0.0)">(0.68,0.9,0.5)</Albedo>
                        <Roughness>0.3</Roughness>
                    </Uniform>
                </Material>
                <Transform>
                    <Position variance="(15.0,0.0,16.0)">(16.0,-0.7,16.0)</Position>
                    <Angle variance="(15.0,90.0,5.0)">(15.0,0.0,0.0)</Angle>
                    <Scale variance="0.2">0.5</Scale>
                </Transform>
                <Shadow>
                    <CullFace>2</CullFace>
                </Shadow>
            </ModelBatch>
        </ModelBatches>
    </Chunk>

    <Chunk coords="(0,4)"/>
    <Chunk coords="(1,0)">
        <Models>
            <Model name="tree03" ypos="relative">
                <Transform>
                    <Position>(5,-1.5,22)</Position>
                    <Scale>15.0</Scale>
                    <Angle>(30,150,0)</Angle>
                </Transform>
            </Model>
        </Models>
    </Chunk>

    <Chunk coords="(1,1)">
        <ModelBatches>
            <ModelBatch instances="20" seed="10" ypos="relative">
                <Mesh type="crystal"></Mesh>
                <Material>
                    <Uniform>
                        <Albedo space="hsl" variance="(0.15,0.1,0.0)">(0.0,0.1,1.0)</Albedo>
                        <Roughness>0.3</Roughness>
                    </Uniform>
                </Material>
                <Transform>
                    <Position variance="(15.0,0.0,15.0)">(16.0,-0.7,16.0)</Position>
                    <Angle variance="(15.0,90.0,5.0)">(15.0,0.0,0.0)</Angle>
                    <Scale variance="0.5">1.2</Scale>
                </Transform>
                <Shadow>
                    <CullFace>2</CullFace>
                </Shadow>
            </ModelBatch>
        </ModelBatches>
    </Chunk>

    <Chunk coords="(1,2)"/>
    <Chunk coords="(1,3)"/>
    <Chunk coords="(1,4)"/>
    <Chunk coords="(2,0)">
        <Models>
            <Model name="tree03" ypos="relative">
                <Transform>
                    <Position>(5,-1.5,10)</Position>
                    <Scale>15.0</Scale>
                    <Angle>(30,150,0)</Angle>
                </Transform>
            </Model>
        </Models>
    </Chunk>

    <Chunk coords="(2,1)">
        <Models>
            <!-- Transparent purple cube -->
            <Model ypos="relative">
                <Mesh type="cube"></Mesh>
                <Material>
                    <Uniform>
                        <Albedo>(0.8,0.1,1.0)</Albedo>
                        <Transparency>0.5</Transparency>
                    </Uniform>
                </Material>
                <Transform>
                    <Position>(16,0,16)</Position>
                    <Scale>5.0</Scale>
                </Transform>
            </Model>
            <!-- Transparent green cube -->
            <Model ypos="relative">
                <Mesh type="cube"></Mesh>
                <Material>
                    <Uniform>
                        <Albedo>(0.0,0.8,0.4)</Albedo>
                        <Transparency>0.2</Transparency>
                    </Uniform>
                </Material>
                <Transform>
                    <Position>(24,0,24)</Position>
                    <Scale>7.0</Scale>
                </Transform>
            </Model>
        </Models>
    </Chunk>

    <Chunk coords="(2,2)"/>
    <Chunk coords="(2,3)"/>
    <Chunk coords="(2,4)"/>
    <Chunk coords="(3,0)"/>
    <Chunk coords="(3,1)"/>
    <Chunk coords="(3,2)"/>
    <Chunk coords="(3,3)"/>
    <Chunk coords="(3,4)"/>
    <Chunk coords="(4,0)"/>
    <Chunk coords="(4,1)"/>
    <Chunk coords="(4,2)"/>
    <Chunk coords="(4,3)"/>
    <Chunk coords="(4,4)"/>

    <Chunk coords="(5,0)"/>
    <Chunk coords="(6,0)"/>
    <Chunk coords="(5,1)"/>
    <Chunk coords="(6,1)">
        <Models>
            <Model name="interior01" ypos="relative">
                <Transform>
                    <Position>(0.0,0.5,0.0)</Position>
                    <Angle>(0,0,0)</Angle>
                    <Scale>1.0</Scale>
                </Transform>
            </Model>
        </Models>
    </Chunk>

    <Ambient>
        <Directional>
            <ShadowBias>0.05</ShadowBias>
            <Color>
                <CSpline base="vec3" tangentPolicy="CatmullRom">
                    <Control locus="0.0" value="(0.10,0.25,0.85)"/>
                    <Control locus="6.0" value="(0.20,0.45,0.85)"/>
                    <Control locus="8.0" value="(0.50,0.45,0.85)"/>
                    <Control locus="12.0" value="(0.75,0.75,0.80)"/>
                    <Control locus="16.0" value="(0.85,0.55,0.50)"/>
                    <Control locus="18.0" value="(0.85,0.25,0.20)"/>
                    <Control locus="22.0" value="(0.95,0.25,0.10)"/>
                    <Control locus="22.1" value="(0.10,0.25,0.85)"/>
                    <Control locus="23.9" value="(0.10,0.25,0.85)"/>
                </CSpline>
            </Color>
            <Brightness>
                <CSpline base="float" tangentPolicy="Finite">
                    <Control locus="0.0" value="1.0"/>
                    <Control locus="6.0" value="0.0"/>
                    <Control locus="12.0" value="6.0"/>
                    <Control locus="21.0" value="4.0"/>
                    <Control locus="22.0" value="0.0"/>
                    <Control locus="22.1" value="0.0"/>
                    <Control locus="23.9" value="1.0"/>
                </CSpline>
            </Brightness>
            <AmbientStrength>
                <CSpline base="float" tangentPolicy="Cardinal">
                    <Control locus="0.0" value="0.03"/>
                    <Control locus="6.0" value="0.09"/>
                    <Control locus="12.0" value="0.1"/>
                    <Control locus="16.0" value="0.2"/>
                    <Control locus="22.0" value="0.03"/>
                    <Control locus="23.9" value="0.03"/>
                </CSpline>
            </AmbientStrength>
        </Directional>
        <PostProcessing>
            <Gamma>
                <CSpline base="vec3" tangentPolicy="CatmullRom">
                    <Control locus="0.0" value="(1.0,1.1,1.2)"/>
                    <Control locus="6.0" value="(1.0,1.1,1.1)"/>
                    <Control locus="18.0" value="(1.2,1.1,1.0)"/>
                    <Control locus="23.9" value="(1.0,1.1,1.2)"/>
                </CSpline>
            </Gamma>
            <Saturation>
                <CSpline base="float" tangentPolicy="CatmullRom">
                    <Control locus="0.0" value="0.8"/>
                    <Control locus="6.0" value="1.0"/>
                    <Control locus="18.0" value="1.4"/>
                    <Control locus="22.0" value="1.0"/>
                    <Control locus="23.9" value="0.8"/>
                </CSpline>
            </Saturation>
            <FogDensity>
                <CSpline base="float" tangentPolicy="Cardinal">
                    <Control locus="0.0" value="0.02"/>
                    <Control locus="6.0" value="0.05"/>
                    <Control locus="8.0" value="0.02"/>
                    <Control locus="12.0" value="0.0"/>
                    <Control locus="22.0" value="0.0"/>
                    <Control locus="23.9" value="0.02"/>
                </CSpline>
            </FogDensity>
        </PostProcessing>
    </Ambient>

    <Camera>
        <Position>(4.2,3.6,9.0)</Position>
        <Orientation>(133.0,24.0)</Orientation>
    </Camera>

    <!-- Sun -->
    <Light type="directional">
        <Position>(16.0,0.5,17.5)</Position>
        <Color>(0.85,0.25,0.20)</Color>
        <Brightness>15.0</Brightness>
    </Light>

</Scene>
