<?xml version="1.0" encoding="utf-8"?>
<Scene>
    <Terrain chunkSize="49" latticeScale="1.0" textureScale="0.25">
        <TerrainPatch origin="(0,0)" size="(2,2)" height="0">
            <Generator type="simplex" seed="7">
                <!--<Scale>0.5</Scale>-->
                <Octaves>10</Octaves>
                <Frequency>0.01</Frequency>
                <Persistence>0.4</Persistence>
                <LoBound>0.0</LoBound>
                <HiBound>30.0</HiBound>
            </Generator>
            <HeightModifier>
                <Erosion type="droplets">
                    <Iterations>200</Iterations>
                    <Kq>10.0</Kq>
                    <Kw>0.001</Kw>
                    <Kr>0.9</Kr>
                    <Kd>0.02</Kd>
                    <Ki>0.1</Ki>
                    <Kg>40.0</Kg>
                    <MinSlope>0.05</MinSlope>
                    <Epsilon>1e-3</Epsilon>
                    <Seed>1</Seed>
                </Erosion>
                <Offset y="-10"></Offset>
            </HeightModifier>
            <Transform>
                <Position>(0,0,0)</Position>
            </Transform>
            <Material>
                <Uniform>
                    <Albedo>(0.1,0.4,0.1)</Albedo>
                    <Roughness>0.8</Roughness>
                </Uniform>
            </Material>
            <Shadow>
                <CullFace>1</CullFace>
            </Shadow>
        </TerrainPatch>
    </Terrain>

    <Chunk coords="(0,0)">
        <Models>
            <!-- Axis aligned colored cubes -->
            <Model>
                <Mesh type="icosahedron"></Mesh>
                <Material>
                    <Uniform>
                        <Albedo>(1,0,0)</Albedo>
                        <Roughness>0.3</Roughness>
                    </Uniform>
                </Material>
                <Transform>
                    <Position>(1,0,0)</Position>
                    <Scale>0.3</Scale>
                </Transform>
            </Model>
            <Model>
                <Mesh type="icosahedron"></Mesh>
                <Material>
                    <Uniform>
                        <Albedo>(0,1,0)</Albedo>
                        <Roughness>0.3</Roughness>
                    </Uniform>
                </Material>
                <Transform>
                    <Position>(0,1,0)</Position>
                    <Scale>0.3</Scale>
                </Transform>
            </Model>
            <Model>
                <Mesh type="icosahedron"></Mesh>
                <Material>
                    <Uniform>
                        <Albedo>(0,0,1)</Albedo>
                        <Roughness>0.3</Roughness>
                    </Uniform>
                </Material>
                <Transform>
                    <Position>(0,0,1)</Position>
                    <Scale>0.3</Scale>
                </Transform>
            </Model>

            <!-- Icospheres -->
            <Model ypos="relative">
                <Mesh type="icosphere">
                    <Generator>
                        <Density>0</Density>
                    </Generator>
                </Mesh>
                <Material>
                    <Uniform>
                        <Albedo>(1.0,0.1,0.05)</Albedo>
                        <Roughness>0.2</Roughness>
                    </Uniform>
                </Material>
                <Transform>
                    <Position>(5,2,10)</Position>
                    <Scale>2.0</Scale>
                </Transform>
            </Model>
            <Model ypos="relative">
                <Mesh type="icosphere">
                    <Generator>
                        <Density>1</Density>
                    </Generator>
                </Mesh>
                <Material>
                    <Uniform>
                        <Albedo>(1.0,0.2,0.05)</Albedo>
                        <Roughness>0.2</Roughness>
                    </Uniform>
                </Material>
                <Transform>
                    <Position>(5,2,15)</Position>
                    <Scale>2.0</Scale>
                </Transform>
            </Model>
            <Model ypos="relative">
                <Mesh type="icosphere">
                    <Generator>
                        <Density>2</Density>
                    </Generator>
                </Mesh>
                <Material>
                    <Uniform>
                        <Albedo>(1.0,0.3,0.05)</Albedo>
                        <Roughness>0.2</Roughness>
                    </Uniform>
                </Material>
                <Transform>
                    <Position>(5,2,20)</Position>
                    <Scale>2.0</Scale>
                </Transform>
            </Model>
            <Model ypos="relative">
                <Mesh type="icosphere">
                    <Generator>
                        <Density>3</Density>
                    </Generator>
                </Mesh>
                <Material>
                    <Uniform>
                        <Albedo>(1.0,0.4,0.05)</Albedo>
                        <Roughness>0.2</Roughness>
                    </Uniform>
                </Material>
                <Transform>
                    <Position>(5,2,25)</Position>
                    <Scale>2.0</Scale>
                </Transform>
            </Model>

            <!-- Procedural Rocks -->
            <Model ypos="relative">
                <Mesh type="rock">
                    <Generator>
                        <GeneratorSeed>0</GeneratorSeed>
                        <InstanceSeed>0</InstanceSeed>
                        <MeshDensity>2</MeshDensity>
                        <Octaves>10</Octaves>
                        <Frequency>0.005</Frequency>
                        <Persistence>0.4</Persistence>
                        <LoBound>0.7</LoBound>
                        <HiBound>1.7</HiBound>
                        <Scale>1.0</Scale>
                    </Generator>
                </Mesh>
                <Material>
                    <Uniform>
                        <Albedo>(0.1,0.11,0.12)</Albedo>
                        <Roughness>0.8</Roughness>
                    </Uniform>
                </Material>
                <Transform>
                    <Position>(25,0.5,15)</Position>
                    <Scale>2.0</Scale>
                </Transform>
            </Model>

            <!-- Spline tentacle -->
            <Model ypos="relative">
                <Mesh type="tentacle"></Mesh>
                <Material>
                    <Uniform>
                        <Albedo>(0.5,0.2,0)</Albedo>
                        <Roughness>0.2</Roughness>
                    </Uniform>
                </Material>
                <Transform>
                    <Position>(10,0.0,20)</Position>
                    <Scale>5.0</Scale>
                    <Angle>(5,0,-20)</Angle>
                </Transform>
            </Model>

            <!-- Spline tree line model -->
            <!--
            <LineModel ypos="relative">
                <Mesh type="tree">
                    <Generator>
                        <Seed>8</Seed>
                        <Recursion>2</Recursion>
                        <NodeProbability>0.7</NodeProbability>
                        <BranchProbability>0.7</BranchProbability>
                        <Twist>0.05</Twist>
                        <MaxBranch>2</MaxBranch>
                        <BranchAngle>0.5</BranchAngle>
                        <ScaleExponent>1.7</ScaleExponent>
                        <RadiusExponent>0.6</RadiusExponent>
                        <TrunkRadius>0.1</TrunkRadius>
                    </Generator>
                </Mesh>
                <Material>
                    <Albedo>(0,1,0)</Albedo>
                </Material>
                <Transform>
                    <Position>(20,0.0,20)</Position>
                    <Scale>15.0</Scale>
                </Transform>
            </LineModel>
            -->

            <!-- Spline trees full 3D models -->
            <Model ypos="relative">
                <Mesh name=".tree01"/>
                <Material>
                    <Uniform>
                        <Albedo>(0.5,0.6,0.3)</Albedo>
                        <Roughness>0.8</Roughness>
                    </Uniform>
                </Material>
                <Transform>
                    <Position>(35,-0.5,20)</Position>
                    <Scale>15.0</Scale>
                </Transform>
            </Model>

            <Model ypos="relative">
                <Mesh name=".tree02"/>
                <Material>
                    <Uniform>
                        <Albedo>(0.2,0.1,0)</Albedo>
                        <Roughness>0.8</Roughness>
                    </Uniform>
                </Material>
                <Transform>
                    <Position>(10,-1.1,35)</Position>
                    <Scale>20.0</Scale>
                    <Angle>(-25,0,0)</Angle>
                </Transform>
            </Model>

            <Model ypos="relative">
                <Mesh name=".tree03"/>
                <Material>
                    <Uniform>
                        <Albedo>(0.1,0.08,0)</Albedo>
                        <Roughness>0.7</Roughness>
                    </Uniform>
                </Material>
                <Transform>
                    <Position>(18,-1.3,10)</Position>
                    <Scale>20.0</Scale>
                    <Angle>(-10,150,-10)</Angle>
                </Transform>
            </Model>

            <!-- Wavefront obj file -->
            <Model name="teapot01" ypos="relative">
                <Transform>
                    <Position>(37,2,10)</Position>
                    <Scale>0.25</Scale>
                    <Angle>(-15,-45,15)</Angle>
                </Transform>
            </Model>

            <Model ypos="relative">
                <Mesh type="obj">
                    <Location>icosphere.obj</Location>
                    <ProcessUV>true</ProcessUV>
                    <Centered>true</Centered>
                </Mesh>
                <Material name="ball01"/>
                <Transform>
                    <Position>(43,4,10)</Position>
                    <Scale>3.0</Scale>
                    <Angle>(-15,-45,15)</Angle>
                </Transform>
            </Model>

            <Model ypos="relative">
                <Mesh type="obj">
                    <Location>dome.obj</Location>
                    <ProcessUV>true</ProcessUV>
                    <ProcessNormals>true</ProcessNormals>
                    <SmoothNormals>max</SmoothNormals>
                </Mesh>
                <Material name="dome01"/>
                <Transform>
                    <Position>(43,2,17)</Position>
                    <Scale>3.0</Scale>
                    <Angle>(-15,-45,15)</Angle>
                </Transform>
            </Model>
        </Models>

        <ModelBatches>
            <ModelBatch instances="25" seed="31" ypos="relative">
                <Mesh type="rock">
                    <Generator>
                        <GeneratorSeed>0</GeneratorSeed>
                        <MeshDensity>2</MeshDensity>
                        <Octaves>10</Octaves>
                        <Frequency>0.005</Frequency>
                        <Persistence>0.4</Persistence>
                        <LoBound>0.7</LoBound>
                        <HiBound>1.7</HiBound>
                        <Scale>1.0</Scale>
                    </Generator>
                </Mesh>
                <Material>
                    <Uniform>
                        <Albedo space="hsl" variance="(0.2,0.1,0.0)">(0.5,0.1,0.1)</Albedo>
                        <Roughness>0.6</Roughness>
                    </Uniform>
                </Material>
                <Transform>
                    <Position variance="(15,0,15)">(30.0,1.4,30.0)</Position>
                    <Angle variance="(2.0,2.0,2.0)">(0.0,0.0,0.0)</Angle>
                    <Scale variance="0.5">1.5</Scale>
                </Transform>
                <Shadow>
                    <CullFace>2</CullFace>
                </Shadow>
            </ModelBatch>
        </ModelBatches>

        <Lights>
            <!-- Static lights -->
            <Light type="point" ypos="relative">
                <Position>(30.0,3.5,15.0)</Position>
                <Color>(0.2, 0.9, 0.7)</Color>
                <Radius>15.0</Radius>
                <Brightness>10.0</Brightness>
            </Light>
            <Light type="point" ypos="relative">
                <Position>(8.0,1.5,23.0)</Position>
                <Color>(1.0, 0.9, 0.0)</Color>
                <Radius>10.0</Radius>
                <Brightness>15.0</Brightness>
            </Light>
            <Light type="point" ypos="relative">
                <Position>(19,18,37)</Position>
                <Color>(0.5, 0.1, 1.0)</Color>
                <Radius>10.0</Radius>
                <Brightness>15.0</Brightness>
            </Light>
            <Light type="point" ypos="relative">
                <Position>(21.3,21.0,14)</Position>
                <Color>(1.0, 0.5, 0.0)</Color>
                <Radius>10.0</Radius>
                <Brightness>25.0</Brightness>
            </Light>
        </Lights>
    </Chunk>

    <!--
    <Chunk coords="(0,1)"/>
    <Chunk coords="(1,0)"/>
    <Chunk coords="(1,1)"/>
    -->

    <Ambient>
        <Directional>
            <ShadowBias>1.0</ShadowBias>
            <Color>
                <CSpline base="vec3" tangentPolicy="CatmullRom">
                    <Control locus="0.0" value="(0.10,0.25,0.85)"/>
                    <Control locus="6.0" value="(0.20,0.45,0.85)"/>
                    <Control locus="8.0" value="(0.50,0.45,0.85)"/>
                    <Control locus="12.0" value="(0.75,0.75,0.80)"/>
                    <Control locus="16.0" value="(0.85,0.55,0.50)"/>
                    <Control locus="18.0" value="(0.85,0.25,0.20)"/>
                    <Control locus="22.0" value="(0.95,0.25,0.10)"/>
                    <Control locus="22.1" value="(0.10,0.25,0.85)"/>
                    <Control locus="23.9" value="(0.10,0.25,0.85)"/>
                </CSpline>
            </Color>
            <Brightness>
                <CSpline base="float" tangentPolicy="Finite">
                    <Control locus="0.0" value="1.0"/>
                    <Control locus="6.0" value="0.0"/>
                    <Control locus="12.0" value="6.0"/>
                    <Control locus="21.0" value="4.0"/>
                    <Control locus="22.0" value="0.0"/>
                    <Control locus="22.1" value="0.0"/>
                    <Control locus="23.9" value="1.0"/>
                </CSpline>
            </Brightness>
            <AmbientStrength>
                <CSpline base="float" tangentPolicy="Cardinal">
                    <Control locus="0.0" value="0.03"/>
                    <Control locus="6.0" value="0.09"/>
                    <Control locus="12.0" value="0.1"/>
                    <Control locus="16.0" value="0.2"/>
                    <Control locus="22.0" value="0.03"/>
                    <Control locus="23.9" value="0.03"/>
                </CSpline>
            </AmbientStrength>
        </Directional>
        <PostProcessing>
            <Gamma>
                <CSpline base="vec3" tangentPolicy="CatmullRom">
                    <Control locus="0.0" value="(1.0,1.1,1.2)"/>
                    <Control locus="6.0" value="(1.0,1.1,1.1)"/>
                    <Control locus="18.0" value="(1.2,1.1,1.0)"/>
                    <Control locus="23.9" value="(1.0,1.1,1.2)"/>
                </CSpline>
            </Gamma>
            <Saturation>
                <CSpline base="float" tangentPolicy="CatmullRom">
                    <Control locus="0.0" value="0.8"/>
                    <Control locus="6.0" value="1.0"/>
                    <Control locus="18.0" value="1.4"/>
                    <Control locus="22.0" value="1.0"/>
                    <Control locus="23.9" value="0.8"/>
                </CSpline>
            </Saturation>
            <FogDensity>
                <CSpline base="float" tangentPolicy="Cardinal">
                    <Control locus="0.0" value="0.02"/>
                    <Control locus="6.0" value="0.05"/>
                    <Control locus="8.0" value="0.02"/>
                    <Control locus="12.0" value="0.0"/>
                    <Control locus="22.0" value="0.0"/>
                    <Control locus="23.9" value="0.02"/>
                </CSpline>
            </FogDensity>
        </PostProcessing>
    </Ambient>

    <Camera>
        <Position>(39,28,35)</Position>
        <Orientation>(319,26)</Orientation>
    </Camera>

    <!-- Sun -->
    <Light type="directional">
        <Position>(16.0,0.5,17.5)</Position>
        <Color>(0.85,0.25,0.20)</Color>
        <Brightness>15.0</Brightness>
    </Light>

</Scene>
