<?xml version="1.0" encoding="utf-8"?>
<Sounds>
    <!-- fx -->
    <Sound type="fx" name="swish" location="swish.wav">
        <Volume>0</Volume>
        <MinDistance>0.5</MinDistance>
        <MaxDistance>100</MaxDistance>
        <Loop>false</Loop>
    </Sound>
    <Sound name="drumloop" location="drumloop.wav">
        <Volume>0</Volume>
        <MinDistance>0.5</MinDistance>
        <MaxDistance>100</MaxDistance>
        <Loop>true</Loop>
    </Sound>
    <Sound name="teapot" location="teapot.ogg">
        <Volume>0</Volume>
        <MinDistance>0.5</MinDistance>
        <MaxDistance>50</MaxDistance>
        <Loop>true</Loop>
        <Stream>true</Stream>
    </Sound>
    <!-- bgm -->
    <Sound type="bgm" name="desert_bgm" location="ObservingTheStar.ogg">
        <Volume>-10</Volume>
        <Loop>true</Loop>
    </Sound>
    <Sound type="bgm" name="maze_bgm" location="LetThePainSpeakToMe.ogg">
        <Volume>-10</Volume>
        <Loop>true</Loop>
    </Sound>
</Sounds>
